{
  "app.dxproj": "8f9885c1e4e1a70c72a012a2500e2d19",
  "dxmodules\\codeWorker.js": "39d29e13aef1d868bfbe33d74b65092c",
  "dxmodules\\crypto-es\\aes.js": "f5051ae3e240e86f1462fa124c91e34d",
  "dxmodules\\crypto-es\\blowfish.js": "a6a17efb551cdd4dea32a0248c7301eb",
  "dxmodules\\crypto-es\\cipher-core.js": "e7c981251689145cfd8e1cd8fc706530",
  "dxmodules\\crypto-es\\core.js": "aff6ed577b1afec6b04d68e7dce1d71a",
  "dxmodules\\crypto-es\\enc-base64.js": "017d46c5dad13cade58c2cac1d6f5edf",
  "dxmodules\\crypto-es\\enc-base64url.js": "02a7c1b1bfa56f15696ad4cade9efcac",
  "dxmodules\\crypto-es\\enc-utf16.js": "6175f56d0133cb3c253fc33d37943496",
  "dxmodules\\crypto-es\\evpkdf.js": "b3dd824edce293775623ec11d698934c",
  "dxmodules\\crypto-es\\format-hex.js": "192580e6589e2f9e5e6d2421ef970228",
  "dxmodules\\crypto-es\\hmac.js": "b3e954bba3c4d3758c556eabb9f07a4f",
  "dxmodules\\crypto-es\\index.js": "1ab9991ea80626fc1f48b8d20d91146a",
  "dxmodules\\crypto-es\\md5.js": "22b9bf748f4874efced6f24843d9717d",
  "dxmodules\\crypto-es\\mode-cfb.js": "dc945b79189a16a04fb8809cb1ac63ae",
  "dxmodules\\crypto-es\\mode-ctr-gladman.js": "985134d79f545e9090b832dd8790bdcb",
  "dxmodules\\crypto-es\\mode-ctr.js": "8aaf3891ab740c008923c8f6a1a404cc",
  "dxmodules\\crypto-es\\mode-ecb.js": "0c6483c6b907719823c2a20168555654",
  "dxmodules\\crypto-es\\mode-ofb.js": "60db86b4aa9f698949093c6c234b9584",
  "dxmodules\\crypto-es\\pad-ansix923.js": "eafdac5e3d4c90c273f1c34ee39f5f95",
  "dxmodules\\crypto-es\\pad-iso10126.js": "80893798281a09346db1ffebd9550da0",
  "dxmodules\\crypto-es\\pad-iso97971.js": "50bb9404565dcdd2e7007b8a226d2d05",
  "dxmodules\\crypto-es\\pad-nopadding.js": "8a873480d9df86d8a04d382ddbe31b3a",
  "dxmodules\\crypto-es\\pad-zeropadding.js": "2a2ad73f1e17617337c3e498c3b1b145",
  "dxmodules\\crypto-es\\pbkdf2.js": "effcee485c8753470be8737e6e86e203",
  "dxmodules\\crypto-es\\rabbit-legacy.js": "580adab56a5e75aa7fa71ce7a79baeca",
  "dxmodules\\crypto-es\\rabbit.js": "79323a58e0aa1df18d3c6920ea2bff94",
  "dxmodules\\crypto-es\\rc4.js": "c76f35711e13d143f36b3c3032926aba",
  "dxmodules\\crypto-es\\README.md": "f7f10d1eb7ac11ab28105200455e9dc8",
  "dxmodules\\crypto-es\\ripemd160.js": "8321142c9245a95ff86519b0564e04c9",
  "dxmodules\\crypto-es\\sha1.js": "20f5f5895e00141cbba984369cc85677",
  "dxmodules\\crypto-es\\sha224.js": "a022faef3a3261f2ef46aad689868663",
  "dxmodules\\crypto-es\\sha256.js": "b56fc502be36fd7748191ef2ab848aa1",
  "dxmodules\\crypto-es\\sha3.js": "1e8ad2a56cf2900bcb2f92ae118a8f10",
  "dxmodules\\crypto-es\\sha384.js": "761d6fdde71581343ac4ea0b15ebc95d",
  "dxmodules\\crypto-es\\sha512.js": "1b90fae85bb88280ddc0603be4c9ff9a",
  "dxmodules\\crypto-es\\tripledes.js": "90b881b6a598aab6861b2537c147b3f7",
  "dxmodules\\crypto-es\\x64-core.js": "9cb085fad93878dd85edaaa37aa1e4b5",
  "dxmodules\\dxAlsaplay.js": "0f029a7e941161dee61333df2bbacc15",
  "dxmodules\\dxBase64.js": "7cb517ecd99830dde0ec13a501e831ea",
  "dxmodules\\dxCode.js": "e7ae4cc904c8b337328f7c46d4c1cf66",
  "dxmodules\\dxCommon.js": "7face5a0721bd302d666b12c30a17166",
  "dxmodules\\dxConfig.js": "24072559b3cb1ec5c206cb358eaaaaae",
  "dxmodules\\dxDriver.js": "69c2e7527037d6bed501fdf1753c4b0b",
  "dxmodules\\dxEventBus.js": "e34126da41e8696fd7874a8c2c1d7673",
  "dxmodules\\dxGpio.js": "30c34469e2dc8d80026fc5eac5bfd1f7",
  "dxmodules\\dxGpioKey.js": "97ef2763bad50e0c82cfa5fb9b79f1eb",
  "dxmodules\\dxHttp.js": "fa75a0a2951399fb5af7618d7ab4c6f1",
  "dxmodules\\dxHttpClient.js": "485a6ec5b8abd7b2cc671bbd79c49568",
  "dxmodules\\dxLogger.js": "f6d3f73086944fcdeeffa579ef6d1508",
  "dxmodules\\dxMap.js": "2255d584c240c35a567f2c7b92e0a9da",
  "dxmodules\\dxMqtt.js": "0e3ca94e1f94f7087195685ad7092efb",
  "dxmodules\\dxNet.js": "9c14d19f6cba05d0bbfa1ce498e5d6a9",
  "dxmodules\\dxNfc.js": "6ed74b095ee714c45d556842e443940a",
  "dxmodules\\dxNtp.js": "0c90048eeb11e7e3b458e4d6e48932f2",
  "dxmodules\\dxOta.js": "a4bf84aaead7298c5da10161644f2b1f",
  "dxmodules\\dxPwm.js": "dc0734c231d7d4cd5f26a34c315cc4a2",
  "dxmodules\\dxQueue.js": "ea8f8722547927b41a5b817839d3ec41",
  "dxmodules\\dxStd.js": "6f239f2fd7d23e7ed053b762b235bd3c",
  "dxmodules\\dxTcp.js": "ea733f1b4d5d5d201b5e1351ece6736b",
  "dxmodules\\dxUart.js": "58cb331033616e020a369e7a5ab02afb",
  "dxmodules\\dxUi.js": "97bd858defaec480d755c162105a3f76",
  "dxmodules\\dxWatchdog.js": "c4a7d5c8f0c203e6dafbc289a0f4fcbd",
  "dxmodules\\dxWorkerPool.js": "5aad9b8f838d1339fc64083188d3ba69",
  "dxmodules\\gpioKeyWorker.js": "78a7489cc3cf098fb4d218b17294175d",
  "dxmodules\\libvbar-b-capturer.so": "eee41ab21befbdd39e581d02373b3026",
  "dxmodules\\libvbar-b-dxgpio.so": "7cfb605145c6fc0511e26f0f48fb4146",
  "dxmodules\\libvbar-b-dxpwm.so": "31b2f612cde9c8fbef992f9d979928ad",
  "dxmodules\\libvbar-b-dxwatchdog.so": "7fe619a2ff5b7798029badd7fec81e02",
  "dxmodules\\libvbar-b-gpio.so": "85e96b6b4f25790fa306ac2c2d1d83ee",
  "dxmodules\\libvbar-b-isp.so": "0eedf2cc6443aa99e14f6255f5c902cd",
  "dxmodules\\libvbar-b-pwm.so": "85465b1b634185eccf48c27c489386c0",
  "dxmodules\\libvbar-b-soc.so": "bed5cabc8b59c21e244967f23a3872c6",
  "dxmodules\\libvbar-b-watchdog.so": "4ee20c6a333ec3ea3b0f73ec2970ffc5",
  "dxmodules\\libvbar-m-alsaplay.so": "99ff5cb04cadb39f2ed98e3ff0996f99",
  "dxmodules\\libvbar-m-capturer.so": "be0dd9ec883155fdbbfe0f7278d21775",
  "dxmodules\\libvbar-m-channel.so": "69367165b0a3c0afd3315bb323604794",
  "dxmodules\\libvbar-m-common.so": "b1ea9934fc218bec4deda15be1942688",
  "dxmodules\\libvbar-m-decoder.so": "b83bcc89121b1e6bc3447f6f11bbfaab",
  "dxmodules\\libvbar-m-dxalsaplay.so": "93b9f68a1cb24ba90192be2dc70aab80",
  "dxmodules\\libvbar-m-dxchannel.so": "1ca481444d1510b018fdd97e519f010b",
  "dxmodules\\libvbar-m-dxcode.so": "a028afefa594332873a6af71b1696ff9",
  "dxmodules\\libvbar-m-dxcommon.so": "de921a14f7a9ab7c8ea9d56f2ff850dc",
  "dxmodules\\libvbar-m-dxhttp.so": "db4c649380828634c7add4a5954c7c25",
  "dxmodules\\libvbar-m-dxhttpclient.so": "2dd18273d5b83045755a2cb7f0255af1",
  "dxmodules\\libvbar-m-dxkey.so": "a414ca96a17faeedd7aae7052fd488b7",
  "dxmodules\\libvbar-m-dxmap.so": "9e8225b59f9ab137a0d98969ed4aebcf",
  "dxmodules\\libvbar-m-dxmqtt.so": "633f63dd9d03c0f613bec61a24310b2a",
  "dxmodules\\libvbar-m-dxnet.so": "2699a9d74d4f98e290acb11c3cfcaa02",
  "dxmodules\\libvbar-m-dxqueue.so": "350c05d812cc706b44d577ef834ea95b",
  "dxmodules\\libvbar-m-dxtcp.so": "ae8160a814e459603a7d183de2aa92cc",
  "dxmodules\\libvbar-m-dxui.so": "1167336eb2e53cba213c09a2cf58d7d1",
  "dxmodules\\libvbar-m-eid.so": "0ca6ec2632662b8587b592b767c83a66",
  "dxmodules\\libvbar-m-key.so": "1fb36a21f1b659819859bf7ebbc71ad1",
  "dxmodules\\libvbar-m-net.so": "f300b32c7ca1b3ab6ade3d96ac32ed2a",
  "dxmodules\\libvbar-m-ntp.so": "7a4f7c84779d585d0fc60d78fb34c68a",
  "dxmodules\\libvbar-m-vgjson.so": "7d3fed047e46ccd5a46280e2a15593ae",
  "dxmodules\\libvbar-m-vgmqtt.so": "32b1cb6289f7c6e6bc762eb2ae33b93f",
  "dxmodules\\libvbar-m-vgsqlite.so": "f45ff9e7ad41c433527278c38d0bbd6a",
  "dxmodules\\libvbar-p-dxnfc.so": "8f13597981f34f7ce69cd46665b528a9",
  "dxmodules\\libvbar-p-nfc.so": "8ff8bfc782197f05c641d3480dc7b940",
  "dxmodules\\mqttWorker.js": "4eedadbd41d6bd183cde2830a3347ad1",
  "dxmodules\\netWorker.js": "8fc086835e41cf88da4bec7bbec315ba",
  "dxmodules\\nfcWorker.js": "88fadfc469cc397b66fd5e52db073bde",
  "dxmodules\\uiBase.js": "9ea5cd2b5ed52d183fde2d87b8f70ca1",
  "dxmodules\\uiButton.js": "8ffe0ffce9ac6b341c9993e260b52b05",
  "dxmodules\\uiButtons.js": "52cb9727c2225f75ac6144e756a6d511",
  "dxmodules\\uiCheckbox.js": "5aa8c851e8b2333cbe46cdd69452ab8c",
  "dxmodules\\uiDropdown.js": "2b73bfacf3d4b115ab3997c83284c478",
  "dxmodules\\uiFont.js": "257aa2f90ce2f0ace4095a03d3447b0b",
  "dxmodules\\uiImage.js": "b2a0a963993474205bc7dc91c8696ec1",
  "dxmodules\\uiKeyboard.js": "b225c62ff2f4b8aa0bdb675776b236a1",
  "dxmodules\\uiLabel.js": "e0ae808d468459a6fedc7ba9a551359e",
  "dxmodules\\uiLine.js": "cc18bc32c0a6f0f8db7992d6e0b4fd81",
  "dxmodules\\uiList.js": "8b779a85cd54b25bc50ec616ed9f08d1",
  "dxmodules\\uiSlider.js": "91b743902824b5decf5535dad49fc97e",
  "dxmodules\\uiStyle.js": "60350cf77db84793bf093bda341f2cb9",
  "dxmodules\\uiSwitch.js": "9a836405abe0b09f5a2940cf22698968",
  "dxmodules\\uiTextarea.js": "0d5008a5a95b78ea8efde3408ba6fb4a",
  "dxmodules\\uiUtils.js": "a04cc3baa5ba1dc6d1ab65b526464fa6",
  "dxmodules\\uiView.js": "26fe7b992ac82bf5d45447f2921bff2f",
  "dxmodules\\vgTcpWorker.js": "551a81abf2bb354f2e5b6eabe834d919",
  "dxmodules\\vgUartWorker.js": "fc3e9e0051836d5063c0eecf555d9521",
  "README.md": "f3b470224c4377ef5728f7fe340ad5e1",
  "resource\\font\\PangMenZhengDaoBiaoTiTi-1.ttf": "e6a1e9792715e65089d4bf2ab53f3878",
  "resource\\image\\1.png": "33de7119560750bed19cdcc2d09c254c",
  "resource\\image\\background.png": "013a5c3be61e81d20f3cdafcbb614acc",
  "resource\\image\\background_90.png": "e619c192b57afd047a9dd34f5f440f8c",
  "resource\\image\\bell.png": "48778b9ccd2b06040cdd329ff61c7174",
  "resource\\image\\eth_disable.png": "7017f5cc2c9b4f802f082f6c0f5bb581",
  "resource\\image\\eth_enable.png": "84d1334e524ac669c3b79e8a69b41eb1",
  "resource\\image\\hint_false.png": "c6bf54f940477fd56e9602baca0b9e59",
  "resource\\image\\hint_true.png": "4bb454afd4de96ba333ebf126cccb368",
  "resource\\image\\mqtt_disable.png": "66eaa76191434b0df3e35980f354887d",
  "resource\\image\\mqtt_enable.png": "fc766f5fcbb95eca648ee10d421cc8fe",
  "resource\\image\\pic0 copy.png": "33de7119560750bed19cdcc2d09c254c",
  "resource\\image\\pic0.png": "33de7119560750bed19cdcc2d09c254c",
  "resource\\image\\tcp_enable.png": "207feeec6ed1c7860ca458c98f8e4f65",
  "resource\\wav\\0.wav": "bb4bfbe26342491ff69a14f14909e190",
  "resource\\wav\\0_eng.wav": "83f620d455666c85671e5af127363e0b",
  "resource\\wav\\1.wav": "4fcbdd724ca2db1c1db9928048fdfdeb",
  "resource\\wav\\10.wav": "60ee31066a152e50f705fe1397bd449d",
  "resource\\wav\\11.wav": "2dbaf904c703ee465da50b7d28ab3910",
  "resource\\wav\\12.wav": "dc989180c04d68005ca9649cc47eac31",
  "resource\\wav\\13.wav": "1451bd105d600f00d15d5a379f8d38dd",
  "resource\\wav\\14.wav": "c9d5ab34b349c50256582eebe9d1e3a8",
  "resource\\wav\\15.wav": "4ad01c0eb3fcbec50950ef57847428ea",
  "resource\\wav\\16.wav": "016e9368076a9d8bd0b4fda871b4039e",
  "resource\\wav\\2.wav": "739ebd177a404c2d098e9afc9783488d",
  "resource\\wav\\3.wav": "af598175d64098b1642a35d649679351",
  "resource\\wav\\9.wav": "58ae76a9840dfaf826f5cd715b8c920d",
  "resource\\wav\\f.wav": "7f9d6e5224d352b6410bc8f03ac3bdbc",
  "resource\\wav\\f_eng.wav": "056176fff98227c48222476e6faad1ef",
  "resource\\wav\\mj_f.wav": "94f33f9bd9d730d72b1d57404c207d05",
  "resource\\wav\\mj_f_eng.wav": "cb4d6072d40c1f0365fafd60e627052a",
  "resource\\wav\\mj_s.wav": "77e5e2e414bb2f330e033bc5da3a72bb",
  "resource\\wav\\mj_s_eng.wav": "368a86924ebb7c8ee05d04481f917149",
  "resource\\wav\\s.wav": "1df0661d5583d1d10362b3fd33349fac",
  "resource\\wav\\s_eng.wav": "ef824481bcc2034a49fb412e84a9f1bf",
  "screenshot.png": "7ce8c1e8bac32ae4bd04b2421fa136dd",
  "src\\code.js": "c0b37b2dce93974d73df47a2c05b5dca",
  "src\\common\\consts\\configConst.js": "bedad1af19489f07dc0a92458f76e0ec",
  "src\\common\\utils\\utils.js": "2df04f16fbef36973ae839b580385f43",
  "src\\config.json": "8fed1f724aa8464cfcd5cd9695956a5b",
  "src\\controller.js": "f6f2bf387edfbbf36c716725eed8b847",
  "src\\driver.js": "ed5e48f5d32d363741dd7ec019f151b7",
  "src\\main.js": "77313918e370a6da8833842b061b3b52",
  "src\\screen.js": "d4ccef6ed706868021aa873f9db6f42a",
  "src\\service\\codeService.js": "c9e1fb6b43cd8c286ae71bdd1d08995b",
  "src\\service\\configService.js": "16b37b2e8cbf77c1370989850500aa61",
  "src\\service\\gpioKeyService.js": "8827b940991c5a75d7ce7caf2e34f4d9",
  "src\\service\\netProService.js": "1a194a3fe4cc5a81ecf77c1e81c87da3",
  "src\\service\\netService.js": "94c3c787938279e107d80a97bf43d8e3",
  "src\\service\\nfcService.js": "d68dffcc2c74467e0f6b3a472b36a547",
  "src\\service\\safeService.js": "1ca5504dad88223d08f35f58ce880988",
  "src\\service\\uartBleService.js": "1de1c15fa1b8621ed36e25d7b0463e4f",
  "src\\service\\vgProService.js": "6eaee67105b44150c2b5701ebff3a900",
  "src\\services.js": "f249be5e3251b3a9cdf1f8003f117cad",
  "src\\view\\mainView.js": "fbc851efd655099a86a70ed85ac5b624",
  "src\\view\\passwordView.js": "02db6136c5de8afdb1e4f949ee8a58b5",
  "src\\view\\popWin.js": "3b155790bfafeb0f7f3ca7e3e07462b5"
}